"key";"contexto";"español";"inglés";"ucraniano";"requiere_revision"
"auth.forgotPassword.backToLogin";"Autenticación (login/MFA/recuperar clave/configuración inicial)";"Volver al inicio de sesión";"Back to login";"Повернутися до входу";"no"
"auth.forgotPassword.errorAlert";"Autenticación (login/MFA/recuperar clave/configuración inicial)";"No se pudo enviar la solicitud.";"Could not send the request.";"Не вдалося надіслати запит.";"no"
"auth.forgotPassword.identifierLabel";"Autenticación (login/MFA/recuperar clave/configuración inicial)";"Usuario o email";"Username or email";"Ім'я користувача або email";"no"
"auth.forgotPassword.instructions";"Autenticación (login/MFA/recuperar clave/configuración inicial)";"Introduce tu usuario o email y te enviaremos las instrucciones para recuperar el acceso.";"Enter your username or email and we'll send you instructions to recover access.";"Введіть ім'я користувача або email, і ми надішлемо інструкції для відновлення доступу.";"no"
"auth.forgotPassword.submit";"Autenticación (login/MFA/recuperar clave/configuración inicial)";"Enviar";"Send";"Надіслати";"no"
"auth.forgotPassword.successAlert";"Autenticación (login/MFA/recuperar clave/configuración inicial)";"Si el usuario existe, se enviarán las instrucciones.";"If the user exists, the instructions will be sent.";"Якщо користувач існує, інструкції буде надіслано.";"no"
"auth.login.biometricReason";"Autenticación (login/MFA/recuperar clave/configuración inicial)";"Accede con Face ID";"Sign in with Face ID";"Увійдіть за допомогою Face ID";"no"
"auth.login.changeAccessKey";"Autenticación (login/MFA/recuperar clave/configuración inicial)";"Cambiar clave de acceso";"Change access key";"Змінити ключ доступу";"no"
"auth.login.errorBadRequest";"Autenticación (login/MFA/recuperar clave/configuración inicial)";"Datos incorrectos. Revisa los campos.";"The information entered is incorrect. Check the fields.";"Неправильні дані. Перевірте поля.";"no"
"auth.login.errorGeneric";"Autenticación (login/MFA/recuperar clave/configuración inicial)";"Error al iniciar sesión. Inténtalo de nuevo.";"Could not log in. Try again.";"Не вдалося увійти. Спробуйте ще раз.";"no"
"auth.login.errorInvalidCredentials";"Autenticación (login/MFA/recuperar clave/configuración inicial)";"Credenciales inválidas. Comprueba tu usuario y contraseña.";"Invalid credentials. Check your username and password.";"Недійсні облікові дані. Перевірте ім'я користувача та пароль.";"no"
"auth.login.errorServer";"Autenticación (login/MFA/recuperar clave/configuración inicial)";"Error del servidor. Inténtalo más tarde.";"Server error. Try again later.";"Помилка сервера. Спробуйте пізніше.";"no"
"auth.login.forgotPassword";"Autenticación (login/MFA/recuperar clave/configuración inicial)";"¿Has olvidado tu contraseña?";"Forgot your password?";"Забули пароль?";"no"
"auth.login.passwordInvalid";"Autenticación (login/MFA/recuperar clave/configuración inicial)";"Contraseña incorrecta.";"Incorrect password.";"Неправильний пароль.";"no"
"auth.login.passwordLabel";"Autenticación (login/MFA/recuperar clave/configuración inicial)";"Contraseña";"Password";"Пароль";"no"
"auth.login.submit";"Autenticación (login/MFA/recuperar clave/configuración inicial)";"Entrar";"Log in";"Увійти";"no"
"auth.login.usernameLabel";"Autenticación (login/MFA/recuperar clave/configuración inicial)";"Usuario";"Username";"Ім'я користувача";"no"
"auth.login.usernamePlaceholder";"Autenticación (login/MFA/recuperar clave/configuración inicial)";"usuario@empresa.com";"user@company.com";"user@company.com";"no"
"auth.login.usernameRequired";"Autenticación (login/MFA/recuperar clave/configuración inicial)";"El usuario es obligatorio.";"Username is required.";"Ім'я користувача обов'язкове.";"no"
"auth.mfa.backToLogin";"Autenticación (login/MFA/recuperar clave/configuración inicial)";"Volver al inicio de sesión";"Back to login";"Повернутися до входу";"no"
"auth.mfa.codeInvalid";"Autenticación (login/MFA/recuperar clave/configuración inicial)";"Introduce un código válido de 6 dígitos.";"Enter a valid 6-digit code.";"Введіть дійсний 6-значний код.";"no"
"auth.mfa.codeLabel";"Autenticación (login/MFA/recuperar clave/configuración inicial)";"Código de validación";"Verification code";"Код підтвердження";"no"
"auth.mfa.codeSentTo";"Autenticación (login/MFA/recuperar clave/configuración inicial)";"Hemos enviado un código de seguridad a:";"We've sent a security code to:";"Ми надіслали код безпеки на:";"no"
"auth.mfa.errorInvalidOrExpired";"Autenticación (login/MFA/recuperar clave/configuración inicial)";"Código incorrecto o expirado. Inténtalo de nuevo.";"Incorrect or expired code. Try again.";"Неправильний або прострочений код. Спробуйте ще раз.";"no"
"auth.mfa.resend";"Autenticación (login/MFA/recuperar clave/configuración inicial)";"Reenviar código";"Resend code";"Надіслати код повторно";"no"
"auth.mfa.resendError";"Autenticación (login/MFA/recuperar clave/configuración inicial)";"No se pudo reenviar el código. Inténtalo de nuevo.";"Could not resend the code. Try again.";"Не вдалося повторно надіслати код. Спробуйте ще раз.";"no"
"auth.mfa.resendSuccess";"Autenticación (login/MFA/recuperar clave/configuración inicial)";"Código reenviado correctamente.";"Code resent successfully.";"Код успішно надіслано повторно.";"no"
"auth.mfa.submit";"Autenticación (login/MFA/recuperar clave/configuración inicial)";"Validar";"Verify";"Підтвердити";"no"
"auth.mfa.timeRemaining";"Autenticación (login/MFA/recuperar clave/configuración inicial)";"Tiempo restante:";"Time remaining:";"Залишилося часу:";"no"
"auth.mfa.yourEmailFallback";"Autenticación (login/MFA/recuperar clave/configuración inicial)";"tu correo";"your email";"вашу пошту";"no"
"auth.setup.errorServer";"Autenticación (login/MFA/recuperar clave/configuración inicial)";"Error al conectar con el servidor.";"Could not connect to the server.";"Не вдалося підключитися до сервера.";"no"
"auth.setup.instructions";"Autenticación (login/MFA/recuperar clave/configuración inicial)";"Introduce tu clave de acceso";"Enter your access key";"Введіть свій ключ доступу";"no"
"auth.setup.keyInvalid";"Autenticación (login/MFA/recuperar clave/configuración inicial)";"La clave no es válida. Revisa la clave y prueba de nuevo.";"The key is not valid. Check it and try again.";"Ключ недійсний. Перевірте його та спробуйте ще раз.";"no"
"auth.setup.keyLabel";"Autenticación (login/MFA/recuperar clave/configuración inicial)";"Clave";"Key";"Ключ";"no"
"auth.setup.keyRequired";"Autenticación (login/MFA/recuperar clave/configuración inicial)";"La clave es obligatoria (mín. 3 caracteres).";"The key is required (min. 3 characters).";"Ключ обов'язковий (мін. 3 символи).";"no"
"auth.setup.requestAccess";"Autenticación (login/MFA/recuperar clave/configuración inicial)";"Solicitar acceso";"Request access";"Запросити доступ";"no"
"auth.setup.submit";"Autenticación (login/MFA/recuperar clave/configuración inicial)";"Continuar";"Continue";"Продовжити";"no"
"auth.setup.title";"Autenticación (login/MFA/recuperar clave/configuración inicial)";"Configuración inicial";"Initial setup";"Початкове налаштування";"no"
"bankDocuments.analysisId";"Documentos bancarios";"Identificador de análisis:";"Analysis ID:";"Ідентифікатор аналізу:";"si"
"bankDocuments.confidence";"Documentos bancarios";"Nivel de confianza:";"Confidence:";"Рівень достовірності:";"si"
"bankDocuments.detectedDescription";"Documentos bancarios";"Se muestran los datos extraídos para su revisión. No se ha creado ninguna factura recibida.";"The extracted data is shown for review. No received invoice has been created.";"Показано вилучені дані для перевірки. Жодного отриманого рахунку не створено.";"si"
"bankDocuments.detectedNotice";"Documentos bancarios";"El lector ha detectado un documento bancario.";"The reader has detected a bank document.";"Розпізнавач виявив банківський документ.";"si"
"bankDocuments.fields.accountHolder";"Documentos bancarios";"Titular de la cuenta";"Account holder";"Власник рахунку";"si"
"bankDocuments.fields.amount";"Documentos bancarios";"Importe";"Amount";"Сума";"si"
"bankDocuments.fields.amounts";"Documentos bancarios";"Importes";"Amounts";"Суми";"si"
"bankDocuments.fields.bank";"Documentos bancarios";"Banco";"Bank";"Банк";"si"
"bankDocuments.fields.chargeStatus";"Documentos bancarios";"Estado del cargo";"Charge status";"Статус списання";"si"
"bankDocuments.fields.commission";"Documentos bancarios";"Comisión";"Commission";"Комісія";"si"
"bankDocuments.fields.currency";"Documentos bancarios";"Moneda";"Currency";"Валюта";"si"
"bankDocuments.fields.dates";"Documentos bancarios";"Fechas";"Dates";"Дати";"si"
"bankDocuments.fields.debtor";"Documentos bancarios";"Librado";"Debtor";"Боржник";"si"
"bankDocuments.fields.debtorIban";"Documentos bancarios";"IBAN del librado";"Debtor IBAN";"IBAN боржника";"si"
"bankDocuments.fields.debtorName";"Documentos bancarios";"Nombre del librado";"Debtor name";"Найменування боржника";"si"
"bankDocuments.fields.documentNumber";"Documentos bancarios";"Número de documento";"Document number";"Номер документа";"si"
"bankDocuments.fields.documentType";"Documentos bancarios";"Tipo de documento";"Document type";"Тип документа";"si"
"bankDocuments.fields.dueDate";"Documentos bancarios";"Vencimiento";"Due date";"Термін оплати";"si"
"bankDocuments.fields.entries";"Documentos bancarios";"Movimientos";"Entries";"Рух коштів";"si"
"bankDocuments.fields.fileReference";"Documentos bancarios";"Referencia del fichero";"File reference";"Ідентифікатор файлу";"si"
"bankDocuments.fields.iban";"Documentos bancarios";"IBAN";"IBAN";"IBAN";"si"
"bankDocuments.fields.identification";"Documentos bancarios";"Identificación";"Identification";"Ідентифікація";"si"
"bankDocuments.fields.invoiceNumber";"Documentos bancarios";"Número de factura / documento";"Invoice / document number";"Номер рахунку / документа";"si"
"bankDocuments.fields.issuer";"Documentos bancarios";"Emisor";"Issuer";"Установа-емітент";"si"
"bankDocuments.fields.issuerIdentification";"Documentos bancarios";"Identificación del emisor";"Issuer identification";"Ідентифікація установи-емітента";"si"
"bankDocuments.fields.mailFee";"Documentos bancarios";"Gastos de correo";"Postal fee";"Поштові витрати";"si"
"bankDocuments.fields.netAmount";"Documentos bancarios";"Importe líquido";"Net amount";"Чиста сума";"si"
"bankDocuments.fields.nominalAmount";"Documentos bancarios";"Importe nominal";"Nominal amount";"Номінальна сума";"si"
"bankDocuments.fields.operationType";"Documentos bancarios";"Tipo de operación";"Operation type";"Тип операції";"si"
"bankDocuments.fields.receptionDate";"Documentos bancarios";"Fecha de recepción";"Reception date";"Дата отримання";"si"
"bankDocuments.fields.references";"Documentos bancarios";"Referencias";"References";"Ідентифікатори";"si"
"bankDocuments.fields.status";"Documentos bancarios";"Estado";"Status";"Статус";"si"
"bankDocuments.fields.taxes";"Documentos bancarios";"Impuestos";"Taxes";"Податки";"si"
"bankDocuments.fields.transactions";"Documentos bancarios";"Operaciones";"Transactions";"Операції";"si"
"bankDocuments.fields.uniqueReference";"Documentos bancarios";"Referencia única";"Unique reference";"Унікальний ідентифікатор";"si"
"bankDocuments.fields.valueDate";"Documentos bancarios";"Fecha valor";"Value date";"Дата валютування";"si"
"bankDocuments.generalDataSection";"Documentos bancarios";"Datos generales";"General data";"Загальні дані";"si"
"bankDocuments.noFieldsNotice";"Documentos bancarios";"El lector clasificó el fichero, pero no devolvió campos bancarios para mostrar.";"The reader classified the file, but did not return any bank fields to display.";"Розпізнавач класифікував файл, але не повернув жодних банківських полів для відображення.";"si"
"bankDocuments.readerWarnings";"Documentos bancarios";"Avisos del lector";"Reader warnings";"Попередження розпізнавача";"si"
"bankDocuments.title";"Documentos bancarios";"Documento bancario";"Bank document";"Банківський документ";"si"
"bankDocuments.valueLabel";"Documentos bancarios";"Valor";"Value";"Значення";"si"
"bankDocuments.viewOriginal";"Documentos bancarios";"Ver documento original";"View original document";"Переглянути оригінал документа";"si"
"common.actions.cancel";"Elementos comunes/compartidos";"Cancelar";"Cancel";"Скасувати";"no"
"common.actions.close";"Elementos comunes/compartidos";"Cerrar";"Close";"Закрити";"no"
"common.actions.delete";"Elementos comunes/compartidos";"Eliminar";"Delete";"Видалити";"no"
"common.actions.yesContinue";"Elementos comunes/compartidos";"Sí, continuar";"Yes, continue";"Так, продовжити";"no"
"common.demoBanner.default";"Elementos comunes/compartidos";"Modo demo — datos simulados";"Demo mode — simulated data";"Демо-режим — імітовані дані";"no"
"common.demoBanner.emitidasTitulo";"Elementos comunes/compartidos";"Modo demo: entorno de pruebas";"Demo mode: test environment";"Демо-режим: тестове середовище";"no"
"common.demoBanner.recibidasTitulo";"Elementos comunes/compartidos";"Modo demo: entorno de pruebas";"Demo mode: test environment";"Демо-режим: тестове середовище";"no"
"common.documentViewer.defaultAlt";"Elementos comunes/compartidos";"Documento adjunto";"Attached document";"Прикріплений документ";"no"
"common.documentViewer.defaultTitle";"Elementos comunes/compartidos";"Documento";"Document";"Документ";"no"
"common.languages.en";"Elementos comunes/compartidos";"English";"English";"English";"no"
"common.languages.es";"Elementos comunes/compartidos";"Español";"Español";"Español";"no"
"common.languages.uk";"Elementos comunes/compartidos";"Українська";"Українська";"Українська";"no"
"common.linesEditor.addLine";"Elementos comunes/compartidos";"Añadir línea";"Add line";"Додати рядок";"no"
"common.linesEditor.deleteLine";"Elementos comunes/compartidos";"Eliminar línea";"Delete line";"Видалити рядок";"no"
"common.linesEditor.descriptionLabel";"Elementos comunes/compartidos";"Descripción";"Description";"Опис";"no"
"common.linesEditor.discountAbbr";"Elementos comunes/compartidos";"Dto.";"Disc.";"Знижка";"no"
"common.linesEditor.discountLabel";"Elementos comunes/compartidos";"% Dto";"% Disc.";"% знижки";"no"
"common.linesEditor.fromCatalog";"Elementos comunes/compartidos";"Producto/servicio de catálogo";"Catalog product/service";"Товар/послуга з каталогу";"no"
"common.linesEditor.lineTotal";"Elementos comunes/compartidos";"Total línea:";"Line total:";"Разом за рядком:";"no"
"common.linesEditor.noLines";"Elementos comunes/compartidos";"Todavía no hay líneas.";"No lines yet.";"Поки що немає рядків.";"no"
"common.linesEditor.originCatalog";"Elementos comunes/compartidos";"Catálogo";"Catalog";"Каталог";"no"
"common.linesEditor.originManual";"Elementos comunes/compartidos";"Manual";"Manual";"Вручну";"no"
"common.linesEditor.originSubscription";"Elementos comunes/compartidos";"Suscripción";"Subscription";"Підписка";"no"
"common.linesEditor.outsideCatalog";"Elementos comunes/compartidos";"Fuera de catálogo";"Outside the catalog";"Поза каталогом";"no"
"common.linesEditor.quantityLabel";"Elementos comunes/compartidos";"Cantidad";"Quantity";"Кількість";"no"
"common.linesEditor.subscription";"Elementos comunes/compartidos";"Suscripción";"Subscription";"Підписка";"no"
"common.linesEditor.title";"Elementos comunes/compartidos";"Líneas";"Lines";"Рядки";"no"
"common.linesEditor.unitPriceLabel";"Elementos comunes/compartidos";"Precio unitario";"Unit price";"Ціна за одиницю";"no"
"common.linesEditor.vatLabel";"Elementos comunes/compartidos";"% IVA";"% VAT";"% ПДВ";"no"
"common.no";"Elementos comunes/compartidos";"No";"No";"Ні";"no"
"common.states.calculating";"Elementos comunes/compartidos";"Calculando…";"Calculating…";"Обчислення…";"no"
"common.withholdingLabel";"Elementos comunes/compartidos";"Retención";"Withholding";"Утримання податку";"si"
"common.yes";"Elementos comunes/compartidos";"Sí";"Yes";"Так";"no"
"errors.sessionCompanyNotFound";"Errores generales del frontend";"No se ha podido identificar la empresa de tu sesión. Vuelve a iniciar sesión e inténtalo de nuevo.";"Could not identify your session's company. Log in again and try again.";"Не вдалося визначити компанію вашого сеансу. Увійдіть знову та спробуйте ще раз.";"no"
"invoices.issued.actions.copyAria";"Facturas emitidas";"Copiar / Duplicar";"Copy / Duplicate";"Копіювати / Дублювати";"no"
"invoices.issued.actions.deleteAria";"Facturas emitidas";"Eliminar borrador";"Delete draft";"Видалити чернетку";"no"
"invoices.issued.actions.downloadAria";"Facturas emitidas";"Descargar documento";"Download document";"Завантажити документ";"no"
"invoices.issued.actions.downloadXsigAria";"Facturas emitidas";"Descargar XML firmado (.xsig)";"Download signed XML (.xsig)";"Завантажити підписаний XML (.xsig)";"no"
"invoices.issued.actions.post";"Facturas emitidas";"Contabilizar";"Post";"Провести";"no"
"invoices.issued.actions.postConfirm";"Facturas emitidas";"Sí, contabilizar";"Yes, post it";"Так, провести";"no"
"invoices.issued.actions.posting";"Facturas emitidas";"Contabilizando…";"Posting…";"Проведення…";"no"
"invoices.issued.actions.shareAria";"Facturas emitidas";"Compartir documento";"Share document";"Поділитися документом";"no"
"invoices.issued.actions.sign";"Facturas emitidas";"Firmar";"Sign";"Підписати";"no"
"invoices.issued.actions.signConfirm";"Facturas emitidas";"Sí, firmar";"Yes, sign it";"Так, підписати";"no"
"invoices.issued.actions.signing";"Facturas emitidas";"Firmando…";"Signing…";"Підписання…";"no"
"invoices.issued.badges.cancelled";"Facturas emitidas";"Anulada";"Cancelled";"Анульовано";"no"
"invoices.issued.badges.corrected";"Facturas emitidas";"Subsanada";"Corrected";"Виправлено";"no"
"invoices.issued.card.noConceptFallback";"Facturas emitidas";"Sin concepto";"No description";"Без опису";"no"
"invoices.issued.card.noNameFallback";"Facturas emitidas";"Cliente no disponible";"Customer not available";"Клієнт недоступний";"no"
"invoices.issued.catalogSelector.searchPlaceholder";"Facturas emitidas";"Buscar por nombre o referencia (mínimo 2 caracteres)";"Search by name or reference (minimum 2 characters)";"Пошук за назвою або артикулом (мінімум 2 символи)";"no"
"invoices.issued.catalogSelector.title";"Facturas emitidas";"Producto / servicio de catálogo";"Catalog product / service";"Товар / послуга з каталогу";"no"
"invoices.issued.clientSelector.address";"Facturas emitidas";"Dirección";"Address";"Адреса";"no"
"invoices.issued.clientSelector.backToSearch";"Facturas emitidas";"Volver a buscar";"Back to search";"Повернутися до пошуку";"no"
"invoices.issued.clientSelector.cif";"Facturas emitidas";"CIF";"Tax ID (CIF)";"Податковий номер (CIF)";"no"
"invoices.issued.clientSelector.city";"Facturas emitidas";"Población";"City";"Місто";"no"
"invoices.issued.clientSelector.createError";"Facturas emitidas";"No se pudo crear el cliente. Inténtalo de nuevo.";"Could not create the customer. Try again.";"Не вдалося створити клієнта. Спробуйте ще раз.";"no"
"invoices.issued.clientSelector.creating";"Facturas emitidas";"Creando…";"Creating…";"Створення…";"no"
"invoices.issued.clientSelector.isCompany";"Facturas emitidas";"¿Empresa?";"Company?";"Компанія?";"no"
"invoices.issued.clientSelector.nameLabel";"Facturas emitidas";"Nombre / Razón social";"Name / Legal name";"Ім'я / Юридична назва";"no"
"invoices.issued.clientSelector.nameNifRequired";"Facturas emitidas";"Nombre y NIF/CIF son obligatorios.";"Name and tax ID are required.";"Ім'я та податковий номер обов'язкові.";"no"
"invoices.issued.clientSelector.newClient";"Facturas emitidas";"Cliente nuevo";"New customer";"Новий клієнт";"no"
"invoices.issued.clientSelector.nif";"Facturas emitidas";"NIF";"Tax ID (NIF)";"Податковий номер (NIF)";"no"
"invoices.issued.clientSelector.noResultsFor";"Facturas emitidas";"Sin resultados para ""{{query}}"".";"No results for ""{{query}}"".";"Немає результатів для ""{{query}}"".";"no"
"invoices.issued.clientSelector.paymentMethod";"Facturas emitidas";"Forma de pago";"Payment method";"Спосіб оплати";"no"
"invoices.issued.clientSelector.paymentMethodRequired";"Facturas emitidas";"Selecciona una forma de pago para el cliente.";"Select a payment method for the customer.";"Оберіть спосіб оплати для клієнта.";"no"
"invoices.issued.clientSelector.postalCode";"Facturas emitidas";"Código postal";"Postal code";"Поштовий індекс";"no"
"invoices.issued.clientSelector.province";"Facturas emitidas";"Provincia";"Province";"Провінція";"no"
"invoices.issued.clientSelector.searchError";"Facturas emitidas";"No se pudo completar la búsqueda. Inténtalo de nuevo.";"Could not complete the search. Try again.";"Не вдалося завершити пошук. Спробуйте ще раз.";"no"
"invoices.issued.clientSelector.searchPlaceholder";"Facturas emitidas";"Buscar por nombre o NIF (mínimo 2 caracteres)";"Search by name or tax ID (minimum 2 characters)";"Пошук за назвою або податковим номером (мінімум 2 символи)";"no"
"invoices.issued.clientSelector.searching";"Facturas emitidas";"Buscando...";"Searching...";"Пошук...";"no"
"invoices.issued.clientSelector.title";"Facturas emitidas";"Seleccionar cliente";"Select customer";"Обрати клієнта";"no"
"invoices.issued.clientSelector.typeToSearch";"Facturas emitidas";"Escribe al menos 2 caracteres para buscar.";"Type at least 2 characters to search.";"Введіть щонайменше 2 символи для пошуку.";"no"
"invoices.issued.clientSelector.useThisClient";"Facturas emitidas";"Usar este cliente";"Use this customer";"Використати цього клієнта";"no"
"invoices.issued.correct.aeatStatusOriginal";"Facturas emitidas";"Estado AEAT (Alta original):";"AEAT status (original submission):";"Статус AEAT (первинна подача):";"si"
"invoices.issued.correct.confirm";"Facturas emitidas";"Confirmar subsanación";"Confirm correction";"Підтвердити виправлення";"si"
"invoices.issued.correct.confirmMessage";"Facturas emitidas";"¿Confirmar la subsanación de la factura {{num}}? Esto genera un registro nuevo en VERI*FACTU (la factura y el Alta original no se modifican). Esta acción no se puede deshacer.";"Confirm the correction of invoice {{num}}? This generates a new record in VERI*FACTU (the invoice and the original submission are not modified). This action cannot be undone.";"Підтвердити виправлення рахунку {{num}}? Це створює новий запис у VERI*FACTU (рахунок і початкова подача не змінюються). Цю дію неможливо скасувати.";"si"
"invoices.issued.correct.correcting";"Facturas emitidas";"Subsanando…";"Correcting…";"Виправлення…";"si"
"invoices.issued.correct.error";"Facturas emitidas";"No se pudo subsanar la factura.";"Could not correct the invoice.";"Не вдалося виправити рахунок.";"si"
"invoices.issued.correct.invoiceTitle";"Facturas emitidas";"Factura {{num}}";"Invoice {{num}}";"Рахунок {{num}}";"si"
"invoices.issued.correct.lastCorrection";"Facturas emitidas";"Última subsanación";"Last correction";"Останнє виправлення";"si"
"invoices.issued.correct.noDifferences";"Facturas emitidas";"El contenido fiscal que se volvería a emitir es idéntico al del último registro — no hay ningún dato que corregir. Si la factura necesita cambiar cliente, líneas, importes o IVA, corresponde una factura rectificativa, no una subsanación.";"The fiscal content that would be resubmitted is identical to the last record — there is nothing to correct. If the invoice needs to change customer, lines, amounts or VAT, a corrective invoice applies, not a correction.";"Податкові дані, які буде подано повторно, ідентичні останньому запису — виправляти нічого. Якщо рахунку потрібно змінити клієнта, рядки, суми або ПДВ, потрібен коригувальний рахунок, а не виправлення.";"si"
"invoices.issued.correct.previewError";"Facturas emitidas";"No se pudo calcular qué cambiaría al subsanar.";"Could not calculate what would change when correcting.";"Не вдалося обчислити, що зміниться при виправленні.";"si"
"invoices.issued.correct.readOnlyNotice";"Facturas emitidas";"Esta pantalla no edita la factura: el cliente, las líneas y los importes no cambian. Solo vuelve a emitir el registro fiscal con los mismos datos ya guardados, dejando constancia del motivo. Si el contenido de la factura está mal, corresponde una rectificativa; si la operación no existió, corresponde anularla.";"This screen does not edit the invoice: the customer, lines and amounts do not change. It only re-submits the invoice record with the same data already saved, leaving a record of the reason. If the invoice content is wrong, a corrective invoice applies; if the transaction never happened, it should be cancelled instead.";"Цей екран не редагує рахунок: клієнт, рядки та суми не змінюються. Він лише повторно подає податковий запис із тими самими вже збереженими даними, фіксуючи причину. Якщо зміст рахунка невірний, потрібен коригувальний рахунок; якщо операції не було, його слід анулювати.";"si"
"invoices.issued.correct.reason";"Facturas emitidas";"Motivo";"Reason";"Причина";"si"
"invoices.issued.correct.reasonNotice";"Facturas emitidas";"Es trazabilidad interna — no se envía a la AEAT ni forma parte del registro corregido.";"This is internal traceability only — it is not sent to the AEAT and is not part of the corrected record.";"Це лише внутрішнє відстеження — не надсилається до AEAT і не є частиною виправленого запису.";"si"
"invoices.issued.correct.reasonPlaceholder";"Facturas emitidas";"Explica qué estaba mal en el registro remitido (no en la factura)";"Explain what was wrong in the submitted record (not in the invoice)";"Поясніть, що було неправильно у поданому записі (не в рахунку)";"si"
"invoices.issued.correct.reasonRequired";"Facturas emitidas";"Indica el motivo de la subsanación.";"State the reason for the correction.";"Вкажіть причину виправлення.";"si"
"invoices.issued.correct.reasonTitle";"Facturas emitidas";"Motivo de la subsanación";"Reason for the correction";"Причина виправлення";"si"
"invoices.issued.correct.registeredSuccess";"Facturas emitidas";"Subsanación registrada.";"Correction registered.";"Виправлення зареєстровано.";"si"
"invoices.issued.correct.simulatedFieldLabel";"Facturas emitidas";"Descripción de la operación (simulado)";"Description of the operation (simulated)";"Опис операції (імітація)";"si"
"invoices.issued.correct.title";"Facturas emitidas";"Subsanar factura";"Correct invoice record";"Виправити рахунок";"si"
"invoices.issued.correct.total";"Facturas emitidas";"Total";"Total";"Разом";"si"
"invoices.issued.correct.whatWouldChange";"Facturas emitidas";"Qué cambiaría en el registro fiscal";"What would change in the invoice record";"Що зміниться в податковому записі";"si"
"invoices.issued.deleteDraft.error";"Facturas emitidas";"No se pudo eliminar la factura.";"Could not delete the invoice.";"Не вдалося видалити рахунок.";"no"
"invoices.issued.deleteDraft.header";"Facturas emitidas";"Eliminar borrador";"Delete draft";"Видалити чернетку";"no"
"invoices.issued.deleteDraft.message";"Facturas emitidas";"¿Eliminar el borrador {{num}} de {{cliente}}? Esta acción no se puede deshacer.";"Delete draft {{num}} for {{cliente}}? This action cannot be undone.";"Видалити чернетку {{num}} для {{cliente}}? Цю дію неможливо скасувати.";"no"
"invoices.issued.deleteDraft.success";"Facturas emitidas";"Borrador eliminado.";"Draft deleted.";"Чернетку видалено.";"no"
"invoices.issued.detail.aeatStatus";"Facturas emitidas";"Estado AEAT:";"AEAT status:";"Статус AEAT:";"si"
"invoices.issued.detail.base";"Facturas emitidas";"Base";"Base";"База";"no"
"invoices.issued.detail.cancelConfirm";"Facturas emitidas";"Sí, anular";"Yes, cancel it";"Так, анулювати";"no"
"invoices.issued.detail.cancelConfirmMessage";"Facturas emitidas";"¿Anular la factura {{num}}? Esto crea un registro de anulación en VERI*FACTU/AEAT. La factura original no se borra ni se modifica, pero queda marcada como anulada.";"Cancel invoice {{num}}? This creates a cancellation record in VERI*FACTU/AEAT. The original invoice is not deleted or modified, but it is marked as cancelled.";"Анулювати рахунок {{num}}? Це створить запис про анулювання у VERI*FACTU/AEAT. Оригінальний рахунок не буде видалено або змінено, але його буде позначено як анульований.";"si"
"invoices.issued.detail.cancelError";"Facturas emitidas";"No se pudo anular la factura.";"Could not cancel the invoice.";"Не вдалося анулювати рахунок.";"no"
"invoices.issued.detail.cancelHeader";"Facturas emitidas";"Anular factura";"Cancel invoice";"Анулювати рахунок";"no"
"invoices.issued.detail.cancelInvoice";"Facturas emitidas";"Anular factura";"Cancel invoice";"Анулювати рахунок";"si"
"invoices.issued.detail.cancelledSuccess";"Facturas emitidas";"Factura anulada.";"Invoice cancelled.";"Рахунок анульовано.";"no"
"invoices.issued.detail.cancelling";"Facturas emitidas";"Anulando…";"Cancelling…";"Анулювання…";"no"
"invoices.issued.detail.changeClient";"Facturas emitidas";"Cambiar cliente";"Change customer";"Змінити клієнта";"no"
"invoices.issued.detail.chooseClientAndStart";"Facturas emitidas";"Elegir cliente y empezar";"Choose customer and start";"Обрати клієнта та почати";"no"
"invoices.issued.detail.client";"Facturas emitidas";"Cliente";"Customer";"Клієнт";"no"
"invoices.issued.detail.conceptLabel";"Facturas emitidas";"Concepto / descripción de la operación";"Description of the transaction";"Опис операції";"no"
"invoices.issued.detail.correctInvoice";"Facturas emitidas";"Subsanar factura";"Correct invoice record";"Виправити рахунок";"si"
"invoices.issued.detail.dateLabel";"Facturas emitidas";"Fecha";"Date";"Дата";"no"
"invoices.issued.detail.dueDateLabel";"Facturas emitidas";"Vencimiento";"Due date";"Термін оплати";"no"
"invoices.issued.detail.individual";"Facturas emitidas";"Particular";"Individual";"Фізична особа";"no"
"invoices.issued.detail.loadError";"Facturas emitidas";"No se pudo cargar la factura.";"Could not load the invoice.";"Не вдалося завантажити рахунок.";"no"
"invoices.issued.detail.newInvoice";"Facturas emitidas";"Nueva factura";"New invoice";"Новий рахунок";"no"
"invoices.issued.detail.notApplicable";"Facturas emitidas";"No aplica";"Not applicable";"Не застосовується";"no"
"invoices.issued.detail.notFound";"Facturas emitidas";"Factura no encontrada.";"Invoice not found.";"Рахунок не знайдено.";"no"
"invoices.issued.detail.paymentMethodLabel";"Facturas emitidas";"Forma de pago";"Payment method";"Спосіб оплати";"no"
"invoices.issued.detail.postConfirmMessage";"Facturas emitidas";"¿Contabilizar la factura de {{cliente}} por {{importe}}? Esto enviará su registro de facturación a VERI*FACTU/AEAT y la factura ya no se podrá editar. Se guardarán antes los cambios pendientes.";"Post the invoice for {{cliente}}, totalling {{importe}}? This will send its invoice record to VERI*FACTU/AEAT, and the invoice will no longer be editable. Pending changes will be saved first.";"Провести рахунок для {{cliente}} на суму {{importe}}? Запис про цей рахунок буде надіслано до VERI*FACTU/AEAT, після чого рахунок більше не можна буде редагувати. Незбережені зміни буде збережено заздалегідь.";"si"
"invoices.issued.detail.postValidationError";"Facturas emitidas";"Concepto y forma de pago son obligatorios para contabilizar.";"Description and payment method are required to post the invoice.";"Опис і спосіб оплати обов'язкові для проведення.";"no"
"invoices.issued.detail.postedSuccess";"Facturas emitidas";"Factura contabilizada.";"Invoice posted.";"Рахунок проведено.";"no"
"invoices.issued.detail.saveDraft";"Facturas emitidas";"Guardar borrador";"Save draft";"Зберегти чернетку";"no"
"invoices.issued.detail.saveError";"Facturas emitidas";"No se pudo guardar la factura.";"Could not save the invoice.";"Не вдалося зберегти рахунок.";"no"
"invoices.issued.detail.saveSuccess";"Facturas emitidas";"Factura guardada.";"Invoice saved.";"Рахунок збережено.";"no"
"invoices.issued.detail.saving";"Facturas emitidas";"Guardando...";"Saving...";"Збереження...";"no"
"invoices.issued.detail.seriesLabel";"Facturas emitidas";"Numerador / Serie";"Numbering series";"Серія нумерації";"no"
"invoices.issued.detail.signConfirmMessage";"Facturas emitidas";"¿Firmar esta factura? Esto genera la firma electrónica XAdES del documento ya registrado en VERI*FACTU.";"Sign this invoice? This generates the XAdES electronic signature for the document already registered in VERI*FACTU.";"Підписати цей рахунок? Буде створено електронний підпис XAdES для документа, уже зареєстрованого у VERI*FACTU.";"si"
"invoices.issued.detail.signedSuccess";"Facturas emitidas";"Factura firmada.";"Invoice signed.";"Рахунок підписано.";"no"
"invoices.issued.detail.statusPosted";"Facturas emitidas";"Contabilizada";"Posted";"Проведено";"no"
"invoices.issued.detail.statusSigned";"Facturas emitidas";"Firmada";"Signed";"Підписано";"no"
"invoices.issued.detail.taxableBase";"Facturas emitidas";"Base imponible";"Taxable base";"Оподатковувана база";"no"
"invoices.issued.detail.totalDue";"Facturas emitidas";"Total a pagar";"Total due";"Разом до сплати";"no"
"invoices.issued.detail.totals";"Facturas emitidas";"Totales";"Totals";"Підсумки";"no"
"invoices.issued.detail.vat";"Facturas emitidas";"IVA";"VAT";"ПДВ";"no"
"invoices.issued.detail.withholding";"Facturas emitidas";"Retención";"Withholding";"Утримання податку";"si"
"invoices.issued.download.error";"Facturas emitidas";"No se pudo generar el documento. Inténtalo de nuevo.";"Could not generate the document. Try again.";"Не вдалося створити документ. Спробуйте ще раз.";"no"
"invoices.issued.download.pdfNotReady";"Facturas emitidas";"El PDF de esta factura todavía no está disponible.";"This invoice's PDF isn't available yet.";"PDF цього рахунку ще недоступний.";"no"
"invoices.issued.download.xsigNotReady";"Facturas emitidas";"El XML firmado de esta factura todavía no está disponible.";"This invoice's signed XML isn't available yet.";"Підписаний XML цього рахунку ще недоступний.";"no"
"invoices.issued.download.xsigSuccess";"Facturas emitidas";"XML firmado descargado.";"Signed XML downloaded.";"Підписаний XML завантажено.";"no"
"invoices.issued.download.success";"Facturas emitidas";"Documento descargado (simulado, no válido fiscalmente).";"Document downloaded (simulated; not valid for tax purposes).";"Документ завантажено (імітація, не має податкової сили).";"si"
"invoices.issued.download.successReal";"Facturas emitidas";"Factura descargada.";"Invoice downloaded.";"Рахунок завантажено.";"no"
"invoices.issued.duplicate.error";"Facturas emitidas";"No se pudo duplicar la factura.";"Could not duplicate the invoice.";"Не вдалося дублювати рахунок.";"no"
"invoices.issued.duplicate.success";"Facturas emitidas";"Borrador {{nuevo}} creado a partir de {{original}}.";"Draft {{nuevo}} created from {{original}}.";"Чернетку {{nuevo}} створено на основі {{original}}.";"no"
"invoices.issued.empty.noResultsFiltered";"Facturas emitidas";"Sin resultados con los filtros aplicados.";"No results match the selected filters.";"Немає результатів із застосованими фільтрами.";"no"
"invoices.issued.empty.noResultsFor";"Facturas emitidas";"Sin resultados para ""{{query}}"".";"No results for ""{{query}}"".";"Немає результатів для ""{{query}}"".";"no"
"invoices.issued.empty.noneInState";"Facturas emitidas";"No hay facturas con el estado";"There are no invoices with status";"Немає рахунків зі статусом";"no"
"invoices.issued.errors.clientRequired";"Facturas emitidas";"Selecciona el cliente de la lista antes de guardar — no se puede guardar una factura solo con el nombre en texto.";"Select the customer from the list before saving — an invoice cannot be saved with only a name typed in.";"Оберіть клієнта зі списку перед збереженням — неможливо зберегти рахунок, вказавши лише ім'я текстом.";"no"
"invoices.issued.errors.lineRequired";"Facturas emitidas";"La factura necesita al menos una línea.";"The invoice needs at least one line.";"Рахунку потрібен щонайменше один рядок.";"no"
"invoices.issued.errors.notFoundWithId";"Facturas emitidas";"Factura {{id}} no encontrada.";"Invoice {{id}} not found.";"Рахунок {{id}} не знайдено.";"no"
"invoices.issued.errors.paymentMethodRequired";"Facturas emitidas";"Selecciona una forma de pago del catálogo antes de guardar.";"Select a payment method from the catalog before saving.";"Оберіть спосіб оплати з каталогу перед збереженням.";"no"
"invoices.issued.filters.all";"Facturas emitidas";"Todas";"All";"Усі";"no"
"invoices.issued.filters.dateFrom";"Facturas emitidas";"Desde";"From";"Від";"no"
"invoices.issued.filters.dateTo";"Facturas emitidas";"Hasta";"To";"До";"no"
"invoices.issued.filters.dates";"Facturas emitidas";"Fechas";"Dates";"Дати";"no"
"invoices.issued.filters.placeholder";"Facturas emitidas";"Filtrar por serie o fecha";"Filter by series or date";"Фільтр за серією або датою";"no"
"invoices.issued.filters.seriesLabel";"Facturas emitidas";"Serie";"Series";"Серія";"no"
"invoices.issued.filters.seriesPrefix";"Facturas emitidas";"Serie:";"Series:";"Серія:";"no"
"invoices.issued.list.loadError";"Facturas emitidas";"No se pudo cargar la lista de facturas.";"Could not load the list of invoices.";"Не вдалося завантажити список рахунків.";"no"
"invoices.issued.new.complete";"Facturas emitidas";"Factura completa";"Full invoice";"Повний рахунок";"no"
"invoices.issued.new.header";"Facturas emitidas";"Nueva factura emitida";"New issued invoice";"Новий виданий рахунок";"no"
"invoices.issued.new.simplified";"Facturas emitidas";"Factura simplificada";"Simplified invoice";"Спрощений рахунок";"no"
"invoices.issued.post.error";"Facturas emitidas";"No se pudo contabilizar la factura.";"Could not post the invoice.";"Не вдалося провести рахунок.";"no"
"invoices.issued.post.header";"Facturas emitidas";"Contabilizar factura";"Post invoice";"Провести рахунок";"no"
"invoices.issued.post.message";"Facturas emitidas";"¿Contabilizar la factura de {{cliente}} por {{importe}}? Esto enviará su registro de facturación a VERI*FACTU/AEAT y la factura ya no se podrá editar.";"Post the invoice for {{cliente}} for {{importe}}? This will send its invoice record to VERI*FACTU/AEAT, and the invoice will no longer be editable.";"Провести рахунок для {{cliente}} на суму {{importe}}? Запис про цей рахунок буде надіслано до VERI*FACTU/AEAT, після чого рахунок більше не можна буде редагувати.";"si"
"invoices.issued.post.success";"Facturas emitidas";"Factura de {{cliente}} contabilizada.";"Invoice for {{cliente}} posted.";"Рахунок для {{cliente}} проведено.";"no"
"invoices.issued.searchPlaceholder";"Facturas emitidas";"Buscar por cliente o concepto";"Search by customer or description";"Пошук за клієнтом або описом";"no"
"invoices.issued.share.error";"Facturas emitidas";"No se pudo compartir el documento. Inténtalo de nuevo.";"Could not share the document. Try again.";"Не вдалося поділитися документом. Спробуйте ще раз.";"no"
"invoices.issued.sign.error";"Facturas emitidas";"No se pudo firmar la factura.";"Could not sign the invoice.";"Не вдалося підписати рахунок.";"no"
"invoices.issued.sign.header";"Facturas emitidas";"Firmar factura";"Sign invoice";"Підписати рахунок";"no"
"invoices.issued.sign.message";"Facturas emitidas";"¿Firmar la factura de {{cliente}}? Esto genera la firma electrónica XAdES del documento ya registrado en VERI*FACTU.";"Sign the invoice for {{cliente}}? This generates the XAdES electronic signature for the document already registered in VERI*FACTU.";"Підписати рахунок для {{cliente}}? Буде створено електронний підпис XAdES для документа, уже зареєстрованого у VERI*FACTU.";"si"
"invoices.issued.sign.success";"Facturas emitidas";"Factura de {{cliente}} firmada.";"Invoice for {{cliente}} signed.";"Рахунок для {{cliente}} підписано.";"no"
"invoices.issued.simplified.badge";"Facturas emitidas";"Simplificada";"Simplified";"Спрощений";"no"
"invoices.issued.simplified.convertBlockedAlreadyNumbered";"Facturas emitidas";"Esta factura ya tiene un número real asignado en la serie simplificada — no se puede convertir sin perder ese número. Crea una factura completa nueva y elimina este borrador si lo necesitas.";"This invoice already has a real number assigned in the simplified series — it can't be converted without losing that number. Create a new full invoice and delete this draft if you need one.";"Цьому рахунку вже присвоєно реальний номер у спрощеній серії — його не можна перетворити без втрати цього номера. Створіть новий повний рахунок і видаліть цю чернетку, якщо потрібно.";"no"
"invoices.issued.simplified.convertConfirm";"Facturas emitidas";"Sí, convertir";"Yes, convert";"Так, перетворити";"no"
"invoices.issued.simplified.convertConfirmMessage";"Facturas emitidas";"Esto cambia el tipo fiscal a factura completa y te pedirá elegir un cliente real. Se ajustará también la serie si es necesario. ¿Continuar?";"This changes the tax type to a full invoice and will ask you to choose a real customer. The series will also be adjusted if needed. Continue?";"Це змінить податковий тип на повний рахунок і запропонує обрати реального клієнта. За потреби буде скоригована й серія. Продовжити?";"no"
"invoices.issued.simplified.convertHeader";"Facturas emitidas";"Convertir en factura completa";"Convert to full invoice";"Перетворити на повний рахунок";"no"
"invoices.issued.simplified.convertToComplete";"Facturas emitidas";"Convertir en factura completa";"Convert to full invoice";"Перетворити на повний рахунок";"no"
"invoices.issued.simplified.emailLabel";"Facturas emitidas";"Correo del cliente";"Customer email";"Email клієнта";"no"
"invoices.issued.simplified.emailPlaceholder";"Facturas emitidas";"correo@ejemplo.com";"email@example.com";"email@example.com";"no"
"invoices.issued.simplified.emailSection";"Facturas emitidas";"Envío por correo";"Email delivery";"Надсилання електронною поштою";"no"
"invoices.issued.simplified.explainer";"Facturas emitidas";"Una factura simplificada no necesita identificar al cliente — se emite a nombre de \"\"Consumidor final\"\". Elige esta opción para ventas al público sin datos fiscales del comprador.";"A simplified invoice doesn't need to identify the customer — it's issued to \"\"Final consumer\"\". Choose this for retail sales with no buyer tax details.";"Спрощений рахунок не вимагає ідентифікації клієнта — він виставляється на ім'я \"\"Кінцевий споживач\"\". Оберіть цей варіант для роздрібного продажу без податкових даних покупця.";"no"
"invoices.issued.simplified.genericClientName";"Facturas emitidas";"Consumidor final";"Final consumer";"Кінцевий споживач";"no"
"invoices.issued.simplified.genericClientNote";"Facturas emitidas";"Factura simplificada sin destinatario fiscal identificado.";"Simplified invoice with no identified tax recipient.";"Спрощений рахунок без визначеного податкового отримувача.";"no"
"invoices.issued.simplified.genericClientSecondaryNote";"Facturas emitidas";"\"\"Consumidor final\"\" se utiliza únicamente para la gestión interna y no se comunica como destinatario fiscal.";"\"\"Final consumer\"\" is used only for internal management and is never reported as the tax recipient.";"\"\"Кінцевий споживач\"\" використовується лише для внутрішнього обліку і ніколи не передається як податковий отримувач.";"no"
"invoices.issued.simplified.lastSentTo";"Facturas emitidas";"Último envío a {{email}}.";"Last sent to {{email}}.";"Востаннє надіслано на {{email}}.";"no"
"invoices.issued.simplified.limitExceeded";"Facturas emitidas";"Una factura simplificada no puede superar {{limite}} (IVA incluido). Esta factura asciende a {{total}}.";"A simplified invoice cannot exceed {{limite}} (VAT included). This invoice totals {{total}}.";"Спрощений рахунок не може перевищувати {{limite}} (з ПДВ). Цей рахунок становить {{total}}.";"no"
"invoices.issued.simplified.resend";"Facturas emitidas";"Reenviar por correo";"Resend by email";"Надіслати повторно";"no"
"invoices.issued.simplified.send";"Facturas emitidas";"Enviar por correo";"Send by email";"Надіслати поштою";"no"
"invoices.issued.simplified.sendError";"Facturas emitidas";"No se pudo enviar el correo.";"Could not send the email.";"Не вдалося надіслати лист.";"no"
"invoices.issued.simplified.sendSuccess";"Facturas emitidas";"Correo enviado.";"Email sent.";"Лист надіслано.";"no"
"invoices.issued.simplified.sending";"Facturas emitidas";"Enviando…";"Sending…";"Надсилання…";"no"
"invoices.issued.simplified.sentError";"Facturas emitidas";"Fallo: {{motivo}}";"Failed: {{motivo}}";"Помилка: {{motivo}}";"no"
"invoices.issued.simplified.sentOk";"Facturas emitidas";"Entregado el {{fecha}}.";"Delivered on {{fecha}}.";"Доставлено {{fecha}}.";"no"
"invoices.issued.simplified.serieNoConfigurada";"Facturas emitidas";"No hay ninguna serie \"\"FS\"\" configurada para esta empresa — pide que se cree antes de emitir una factura simplificada.";"No \"\"FS\"\" series is configured for this company — ask for it to be set up before issuing a simplified invoice.";"Для цієї компанії не налаштована серія \"\"FS\"\" — попросіть створити її перед виставленням спрощеного рахунку.";"no"
"invoices.issued.simplified.startWithGenericClient";"Facturas emitidas";"Empezar con Consumidor final";"Start with Final consumer";"Почати з Кінцевого споживача";"no"
"invoices.issued.simplified.verifyQrLink";"Facturas emitidas";"Ver código de verificación (QR) de la AEAT";"View AEAT verification code (QR)";"Переглянути код перевірки (QR) AEAT";"no"
"invoices.issued.subscriptionSelector.cancelled";"Facturas emitidas";"Cancelada";"Cancelled";"Скасовано";"no"
"invoices.issued.subscriptionSelector.paused";"Facturas emitidas";"Pausada";"Paused";"Призупинено";"no"
"invoices.issued.subscriptionSelector.searchPlaceholder";"Facturas emitidas";"Buscar por nombre (mínimo 2 caracteres)";"Search by name (minimum 2 characters)";"Пошук за назвою (мінімум 2 символи)";"no"
"invoices.issued.subscriptionSelector.title";"Facturas emitidas";"Suscripción / servicio recurrente";"Subscription / recurring service";"Підписка / регулярна послуга";"no"
"invoices.issued.tabs.draft";"Facturas emitidas";"Borradores";"Drafts";"Чернетки";"no"
"invoices.issued.tabs.draftSingular";"Facturas emitidas";"Borrador";"Draft";"Чернетка";"no"
"invoices.issued.tabs.posted";"Facturas emitidas";"Contabilizadas";"Posted";"Проведені";"no"
"invoices.issued.tabs.signed";"Facturas emitidas";"Firmadas";"Signed";"Підписані";"no"
"invoices.issued.title";"Facturas emitidas";"Facturas emitidas";"Issued invoices";"Видані рахунки";"no"
"invoices.received.actions.copyAria";"Facturas recibidas";"Copiar / Duplicar";"Copy / Duplicate";"Копіювати / Дублювати";"no"
"invoices.received.actions.deleteAria";"Facturas recibidas";"Eliminar factura";"Delete invoice";"Видалити рахунок";"no"
"invoices.received.actions.downloadAria";"Facturas recibidas";"Descargar documento adjunto";"Download attached document";"Завантажити прикріплений документ";"no"
"invoices.received.actions.post";"Facturas recibidas";"Contabilizar";"Post";"Провести";"no"
"invoices.received.actions.shareAria";"Facturas recibidas";"Compartir documento adjunto";"Share attached document";"Поділитися прикріпленим документом";"no"
"invoices.received.attachment.downloadError";"Facturas recibidas";"No se pudo descargar el documento.";"Could not download the document.";"Не вдалося завантажити документ.";"no"
"invoices.received.attachment.downloadSuccess";"Facturas recibidas";"Documento descargado.";"Document downloaded.";"Документ завантажено.";"no"
"invoices.received.attachment.shareError";"Facturas recibidas";"No se pudo compartir el documento.";"Could not share the document.";"Не вдалося поділитися документом.";"no"
"invoices.received.card.draft";"Facturas recibidas";"Borrador";"Draft";"Чернетка";"no"
"invoices.received.card.noConceptFallback";"Facturas recibidas";"Sin concepto";"No description";"Без опису";"no"
"invoices.received.card.noSupplierFallback";"Facturas recibidas";"Proveedor no disponible";"Supplier not available";"Постачальник недоступний";"no"
"invoices.received.card.paidSuffix";"Facturas recibidas";"Pagada";"Paid";"Оплачено";"no"
"invoices.received.card.posted";"Facturas recibidas";"Contabilizada";"Posted";"Проведено";"no"
"invoices.received.card.unsaved";"Facturas recibidas";"Sin guardar";"Unsaved";"Не збережено";"no"
"invoices.received.delete.error";"Facturas recibidas";"No se pudo eliminar la factura.";"Could not delete the invoice.";"Не вдалося видалити рахунок.";"no"
"invoices.received.delete.header";"Facturas recibidas";"Eliminar factura";"Delete invoice";"Видалити рахунок";"no"
"invoices.received.delete.lockedError";"Facturas recibidas";"No se puede eliminar una factura ya contabilizada.";"An invoice that is already posted cannot be deleted.";"Неможливо видалити вже проведений рахунок.";"no"
"invoices.received.delete.message";"Facturas recibidas";"¿Eliminar la factura de {{proveedor}}? Esta acción no se puede deshacer.";"Delete the invoice from {{proveedor}}? This action cannot be undone.";"Видалити рахунок від {{proveedor}}? Цю дію неможливо скасувати.";"no"
"invoices.received.delete.messageWithNumber";"Facturas recibidas";"¿Eliminar la factura {{num}} de {{proveedor}}? Esta acción no se puede deshacer.";"Delete invoice {{num}} from {{proveedor}}? This action cannot be undone.";"Видалити рахунок {{num}} від {{proveedor}}? Цю дію неможливо скасувати.";"no"
"invoices.received.delete.paidError";"Facturas recibidas";"No se puede eliminar una factura marcada como pagada.";"An invoice marked as paid cannot be deleted.";"Неможливо видалити рахунок, позначений як оплачений.";"no"
"invoices.received.delete.success";"Facturas recibidas";"Factura eliminada.";"Invoice deleted.";"Рахунок видалено.";"no"
"invoices.received.detail.attachAfterSaveError";"Facturas recibidas";"La factura se guardó, pero no se pudo subir el documento adjunto. Vuelve a intentarlo desde aquí.";"The invoice was saved, but the attached document could not be uploaded. Try again from here.";"Рахунок збережено, але не вдалося завантажити прикріплений документ. Спробуйте ще раз звідси.";"no"
"invoices.received.detail.attachDocument";"Facturas recibidas";"Adjuntar documento";"Attach document";"Прикріпити документ";"no"
"invoices.received.detail.attaching";"Facturas recibidas";"Adjuntando…";"Attaching…";"Прикріплення…";"no"
"invoices.received.detail.attachError";"Facturas recibidas";"No se pudo adjuntar el documento. Inténtalo de nuevo.";"Could not attach the document. Try again.";"Не вдалося прикріпити документ. Спробуйте ще раз.";"no"
"invoices.received.detail.attachmentSection";"Facturas recibidas";"Documento adjunto";"Attached document";"Прикріплений документ";"no"
"invoices.received.detail.base";"Facturas recibidas";"Base";"Base";"База";"no"
"invoices.received.detail.changeDocument";"Facturas recibidas";"Cambiar documento";"Change document";"Змінити документ";"no"
"invoices.received.detail.changeSupplier";"Facturas recibidas";"Cambiar proveedor";"Change supplier";"Змінити постачальника";"no"
"invoices.received.detail.conceptLabel";"Facturas recibidas";"Concepto";"Description";"Опис";"no"
"invoices.received.detail.dateLabel";"Facturas recibidas";"Fecha";"Date";"Дата";"no"
"invoices.received.detail.dueDateLabel";"Facturas recibidas";"Vencimiento";"Due date";"Термін оплати";"no"
"invoices.received.detail.fallbackTitle";"Facturas recibidas";"Factura recibida";"Received invoice";"Отриманий рахунок";"no"
"invoices.received.detail.invoiceDataSection";"Facturas recibidas";"Datos de la factura";"Invoice details";"Дані рахунку";"no"
"invoices.received.detail.loadError";"Facturas recibidas";"No se pudo cargar la factura.";"Could not load the invoice.";"Не вдалося завантажити рахунок.";"no"
"invoices.received.detail.loading";"Facturas recibidas";"Cargando factura...";"Loading invoice...";"Завантаження рахунку...";"no"
"invoices.received.detail.newInvoice";"Facturas recibidas";"Nueva factura recibida";"New received invoice";"Новий отриманий рахунок";"no"
"invoices.received.detail.noAttachment";"Facturas recibidas";"Sin documento adjunto.";"No attached document.";"Немає прикріпленого документа.";"no"
"invoices.received.detail.notApplicable";"Facturas recibidas";"No aplica";"Not applicable";"Не застосовується";"no"
"invoices.received.detail.notFound";"Facturas recibidas";"Factura no encontrada.";"Invoice not found.";"Рахунок не знайдено.";"no"
"invoices.received.detail.numberLabel";"Facturas recibidas";"Número";"Number";"Номер";"no"
"invoices.received.detail.ocrChip";"Facturas recibidas";"Creada desde OCR";"Created from OCR";"Створено з OCR";"no"
"invoices.received.detail.paidLabel";"Facturas recibidas";"Pagada";"Paid";"Оплачено";"no"
"invoices.received.detail.paymentMethodLabel";"Facturas recibidas";"Forma de pago";"Payment method";"Спосіб оплати";"no"
"invoices.received.detail.paymentMethodPlaceholder";"Facturas recibidas";"Selecciona forma de pago";"Select payment method";"Оберіть спосіб оплати";"no"
"invoices.received.detail.save";"Facturas recibidas";"Guardar";"Save";"Зберегти";"no"
"invoices.received.detail.saveError";"Facturas recibidas";"No se pudo guardar la factura.";"Could not save the invoice.";"Не вдалося зберегти рахунок.";"no"
"invoices.received.detail.saveSuccess";"Facturas recibidas";"Factura guardada.";"Invoice saved.";"Рахунок збережено.";"no"
"invoices.received.detail.saving";"Facturas recibidas";"Guardando...";"Saving...";"Збереження...";"no"
"invoices.received.detail.selectSupplier";"Facturas recibidas";"Seleccionar proveedor";"Select supplier";"Обрати постачальника";"no"
"invoices.received.detail.statusDraft";"Facturas recibidas";"Borrador";"Draft";"Чернетка";"no"
"invoices.received.detail.statusLabel";"Facturas recibidas";"Estado";"Status";"Статус";"no"
"invoices.received.detail.statusPosted";"Facturas recibidas";"Contabilizada";"Posted";"Проведено";"no"
"invoices.received.detail.supplierSection";"Facturas recibidas";"Proveedor";"Supplier";"Постачальник";"no"
"invoices.received.detail.taxableBase";"Facturas recibidas";"Base imponible";"Taxable base";"Оподатковувана база";"no"
"invoices.received.detail.totalDue";"Facturas recibidas";"Total a pagar";"Total due";"Разом до сплати";"no"
"invoices.received.detail.totalEditableHint";"Facturas recibidas";"Puedes corregir el total a mano si no coincide con el de la factura original (por ejemplo, por redondeos del proveedor).";"You can correct the total by hand if it doesn't match the original invoice (for example, due to the supplier's rounding).";"Ви можете вручну виправити суму, якщо вона не збігається з оригінальним рахунком (наприклад, через округлення постачальника).";"no"
"invoices.received.detail.totalsSection";"Facturas recibidas";"Totales";"Totals";"Підсумки";"no"
"invoices.received.detail.validationRequired";"Facturas recibidas";"Proveedor y número de factura son obligatorios.";"Supplier and invoice number are required.";"Постачальник і номер рахунку обов'язкові.";"no"
"invoices.received.detail.validationSupplier";"Facturas recibidas";"Selecciona el proveedor de la lista (o créalo) antes de guardar.";"Select the supplier from the list (or create one) before saving.";"Оберіть постачальника зі списку (або створіть нового) перед збереженням.";"no"
"invoices.received.detail.vat";"Facturas recibidas";"IVA";"VAT";"ПДВ";"no"
"invoices.received.detail.viewDocument";"Facturas recibidas";"Ver documento";"View document";"Переглянути документ";"no"
"invoices.received.detail.viewDocumentError";"Facturas recibidas";"No se pudo cargar el documento.";"Could not load the document.";"Не вдалося завантажити документ.";"no"
"invoices.received.detail.withholding";"Facturas recibidas";"Retención";"Withholding";"Утримання податку";"si"
"invoices.received.detail.withholdingLabel";"Facturas recibidas";"% Retención (según la factura del proveedor)";"% Withholding (per the supplier's invoice)";"% Утримання податку (згідно з рахунком постачальника)";"si"
"invoices.received.duplicate.confirmButton";"Facturas recibidas";"Copiar y guardar";"Copy and save";"Копіювати та зберегти";"no"
"invoices.received.duplicate.error";"Facturas recibidas";"No se pudo copiar la factura.";"Could not copy the invoice.";"Не вдалося скопіювати рахунок.";"no"
"invoices.received.duplicate.numberDialogHeader";"Facturas recibidas";"Número de la nueva factura";"Number of the new invoice";"Номер нового рахунку";"no"
"invoices.received.duplicate.numberDialogMessage";"Facturas recibidas";"Se copiará la factura de {{proveedor}} (proveedor, líneas, importes...) y se guardará directamente. El resto de datos se pueden ajustar después.";"The invoice from {{proveedor}} (supplier, lines, amounts...) will be copied and saved directly. The rest of the data can be adjusted afterwards.";"Рахунок від {{proveedor}} (постачальник, рядки, суми...) буде скопійовано та збережено безпосередньо. Решту даних можна буде налаштувати пізніше.";"no"
"invoices.received.duplicate.numberPlaceholder";"Facturas recibidas";"Número de factura";"Invoice number";"Номер рахунку";"no"
"invoices.received.duplicate.success";"Facturas recibidas";"Copia guardada a partir de la factura de {{proveedor}}.";"A copy of the invoice from {{proveedor}} has been saved.";"Копію збережено на основі рахунку від {{proveedor}}.";"no"
"invoices.received.empty.noResults";"Facturas recibidas";"Sin resultados con la búsqueda o los filtros aplicados.";"No results match your search or the selected filters.";"Немає результатів за пошуком або фільтрами.";"no"
"invoices.received.empty.none";"Facturas recibidas";"Todavía no hay facturas recibidas.";"There are no received invoices yet.";"Поки що немає отриманих рахунків.";"no"
"invoices.received.errors.invoiceNumberRequired";"Facturas recibidas";"El número de factura es obligatorio.";"The invoice number is required.";"Номер рахунку обов'язковий.";"no"
"invoices.received.errors.lineRequired";"Facturas recibidas";"La factura necesita al menos una línea.";"The invoice needs at least one line.";"Рахунку потрібен щонайменше один рядок.";"no"
"invoices.received.errors.supplierRequired";"Facturas recibidas";"Selecciona el proveedor de la lista (o créalo) antes de guardar — no se puede guardar una factura solo con el nombre en texto.";"Select the supplier from the list (or create one) before saving — an invoice cannot be saved with only a name typed in.";"Оберіть постачальника зі списку (або створіть нового) перед збереженням — неможливо зберегти рахунок, вказавши лише ім'я текстом.";"no"
"invoices.received.errors.updateNotFoundOrLocked";"Facturas recibidas";"No se pudo actualizar la factura {{id}}: no existe o está bloqueada.";"Could not update invoice {{id}}: it does not exist or is locked.";"Не вдалося оновити рахунок {{id}}: він не існує або заблокований.";"no"
"invoices.received.filters.all";"Facturas recibidas";"Todos";"All";"Усі";"no"
"invoices.received.filters.dateFrom";"Facturas recibidas";"Desde";"From";"Від";"no"
"invoices.received.filters.dateTo";"Facturas recibidas";"Hasta";"To";"До";"no"
"invoices.received.filters.dates";"Facturas recibidas";"Fechas";"Dates";"Дати";"no"
"invoices.received.filters.draft";"Facturas recibidas";"Borrador";"Draft";"Чернетка";"no"
"invoices.received.filters.paid";"Facturas recibidas";"Pagada";"Paid";"Оплачено";"no"
"invoices.received.filters.payment";"Facturas recibidas";"Pago";"Payment";"Оплата";"no"
"invoices.received.filters.pending";"Facturas recibidas";"Pendiente";"Pending";"Очікує";"no"
"invoices.received.filters.placeholder";"Facturas recibidas";"Filtros";"Filters";"Фільтри";"no"
"invoices.received.filters.posted";"Facturas recibidas";"Contabilizada";"Posted";"Проведено";"no"
"invoices.received.filters.status";"Facturas recibidas";"Estado";"Status";"Статус";"no"
"invoices.received.limitNotice";"Facturas recibidas";"Últimas 50 facturas. Usa el buscador para encontrar una más antigua.";"Last 50 invoices. Use the search box to find an older one.";"Останні 50 рахунків. Використайте пошук, щоб знайти старіший.";"no"
"invoices.received.list.loadError";"Facturas recibidas";"No se pudo cargar la lista de facturas.";"Could not load the list of invoices.";"Не вдалося завантажити список рахунків.";"no"
"invoices.received.list.loadFullError";"Facturas recibidas";"No se pudo cargar la factura completa.";"Could not load the full invoice.";"Не вдалося завантажити повний рахунок.";"no"
"invoices.received.loading";"Facturas recibidas";"Cargando facturas...";"Loading invoices...";"Завантаження рахунків...";"no"
"invoices.issued.loading";"Facturas emitidas";"Cargando facturas...";"Loading invoices...";"Завантаження рахунків...";"no"
"invoices.received.post.error";"Facturas recibidas";"No se pudo contabilizar la factura.";"Could not post the invoice.";"Не вдалося провести рахунок.";"no"
"invoices.received.post.header";"Facturas recibidas";"Contabilizar factura";"Post invoice";"Провести рахунок";"no"
"invoices.received.post.message";"Facturas recibidas";"¿Contabilizar la factura {{num}} de {{proveedor}} por {{importe}}? Quedará bloqueada para editar y eliminar; después solo podrá gestionarse desde analítica/pagos.";"Post invoice {{num}} from {{proveedor}} for {{importe}}? It will be locked against editing and deletion; afterwards, it can only be managed through analytics/payments.";"Провести рахунок {{num}} від {{proveedor}} на суму {{importe}}? Його буде заблоковано для редагування й видалення; надалі ним можна буде керувати лише через аналітику/платежі.";"si"
"invoices.received.post.success";"Facturas recibidas";"Factura contabilizada.";"Invoice posted.";"Рахунок проведено.";"no"
"invoices.received.searchPlaceholder";"Facturas recibidas";"Buscar por proveedor";"Search by supplier";"Пошук за постачальником";"no"
"invoices.received.supplierSelector.address";"Facturas recibidas";"Dirección";"Address";"Адреса";"no"
"invoices.received.supplierSelector.addressRequired";"Facturas recibidas";"Dirección, código postal, población y provincia son obligatorios.";"Address, postal code, city and province are required.";"Адреса, поштовий індекс, місто та провінція обов'язкові.";"no"
"invoices.received.supplierSelector.backToSearch";"Facturas recibidas";"Volver a buscar";"Back to search";"Повернутися до пошуку";"no"
"invoices.received.supplierSelector.city";"Facturas recibidas";"Población";"City";"Місто";"no"
"invoices.received.supplierSelector.createError";"Facturas recibidas";"No se pudo crear el proveedor.";"Could not create the supplier.";"Не вдалося створити постачальника.";"no"
"invoices.received.supplierSelector.nameLabel";"Facturas recibidas";"Nombre / Razón social";"Name / Legal name";"Ім'я / Юридична назва";"no"
"invoices.received.supplierSelector.nameNifRequired";"Facturas recibidas";"Nombre y NIF son obligatorios.";"Name and tax ID are required.";"Ім'я та податковий номер обов'язкові.";"no"
"invoices.received.supplierSelector.newSupplier";"Facturas recibidas";"Proveedor nuevo";"New supplier";"Новий постачальник";"no"
"invoices.received.supplierSelector.nifCif";"Facturas recibidas";"NIF/CIF";"Tax ID";"Податковий номер";"no"
"invoices.received.supplierSelector.noResultsFor";"Facturas recibidas";"Sin resultados para ""{{query}}"".";"No results for ""{{query}}"".";"Немає результатів для ""{{query}}"".";"no"
"invoices.received.supplierSelector.postalCode";"Facturas recibidas";"Código postal";"Postal code";"Поштовий індекс";"no"
"invoices.received.supplierSelector.province";"Facturas recibidas";"Provincia";"Province";"Провінція";"no"
"invoices.received.supplierSelector.searchError";"Facturas recibidas";"No se pudo completar la búsqueda. Inténtalo de nuevo.";"Could not complete the search. Try again.";"Не вдалося завершити пошук. Спробуйте ще раз.";"no"
"invoices.received.supplierSelector.searchPlaceholder";"Facturas recibidas";"Buscar por nombre o NIF (mínimo 2 caracteres)";"Search by name or tax ID (minimum 2 characters)";"Пошук за назвою або податковим номером (мінімум 2 символи)";"no"
"invoices.received.supplierSelector.searching";"Facturas recibidas";"Buscando...";"Searching...";"Пошук...";"no"
"invoices.received.supplierSelector.title";"Facturas recibidas";"Seleccionar proveedor";"Select supplier";"Обрати постачальника";"no"
"invoices.received.supplierSelector.typeToSearch";"Facturas recibidas";"Escribe al menos 2 caracteres para buscar.";"Type at least 2 characters to search.";"Введіть щонайменше 2 символи для пошуку.";"no"
"invoices.received.supplierSelector.useThisSupplier";"Facturas recibidas";"Usar este proveedor";"Use this supplier";"Використати цього постачальника";"no"
"invoices.received.title";"Facturas recibidas";"Facturas recibidas";"Received invoices";"Отримані рахунки";"no"
"navigation.tabs.issued";"Navegación (pestañas)";"Emitidas";"Issued";"Видані";"no"
"navigation.tabs.profile";"Navegación (pestañas)";"Perfil";"Profile";"Профіль";"no"
"navigation.tabs.received";"Navegación (pestañas)";"Recibidas";"Received";"Отримані";"no"
"ocr.attachButton";"OCR (escaneo de facturas)";"Adjuntar";"Attach";"Прикріпити";"no"
"ocr.fileTooLarge";"OCR (escaneo de facturas)";"El archivo pesa demasiado (máximo 10 MB). Prueba con una foto de menor resolución o un PDF más ligero.";"The file is too large (10 MB max). Try a lower-resolution photo or a lighter PDF.";"Файл занадто великий (максимум 10 МБ). Спробуйте фото меншої роздільної здатності або легший PDF.";"no"
"ocr.badge";"OCR (escaneo de facturas)";"OCR";"OCR";"OCR";"no"
"ocr.bankDocDraftError";"OCR (escaneo de facturas)";"No se pudo preparar un borrador de factura a partir del documento bancario. Puedes crearla manualmente.";"Could not prepare an invoice draft from the bank document. You can create it manually.";"Не вдалося підготувати чернетку рахунку на основі банківського документа. Ви можете створити його вручну.";"no"
"ocr.extractionError";"OCR (escaneo de facturas)";"No se pudo extraer información del documento. Inténtalo de nuevo o crea la factura manualmente.";"Could not extract information from the document. Try again or create the invoice manually.";"Не вдалося отримати інформацію з документа. Спробуйте ще раз або створіть рахунок вручну.";"no"
"ocr.ticketIvaNoDeducible";"OCR (ticket sin destinatario identificado)";"Este documento no identifica fiscalmente a tu empresa. Se ha registrado el importe completo como gasto y el IVA no es deducible. Revisa los datos antes de contabilizar.";"This document does not identify your company for tax purposes. The full amount has been recorded as an expense and the VAT is not deductible. Review the details before posting.";"Цей документ не ідентифікує вашу компанію для податкових цілей. Повну суму зареєстровано як витрату, ПДВ не підлягає відрахуванню. Перевірте дані перед проведенням.";"no"
"ocr.recipientMismatchWarning";"OCR (destinatario no coincidente, aviso no bloqueante)";"El destinatario del documento no coincide con tu empresa. Se ha guardado como borrador — revísalo antes de continuar.";"The document's recipient doesn't match your company. It's been saved as a draft — review it before continuing.";"Одержувач документа не збігається з вашою компанією. Документ збережено як чернетку — перегляньте його перед продовженням.";"no"
"ocr.recipientMismatch";"OCR (destinatario de otra empresa)";"El documento está emitido a nombre de otra empresa y no puede guardarse automáticamente.";"This document is issued to another company and cannot be saved automatically.";"Цей документ виписано на іншу компанію і його не можна зберегти автоматично.";"no"
"ocr.ticketProvisioningFailed";"OCR (aprovisionamiento de tickets fallido)";"No se pudo preparar automáticamente el proveedor genérico ni el impuesto para tickets sin identificar. Inténtalo de nuevo o contacta con soporte.";"We couldn't automatically set up the generic supplier or tax rate for unidentified receipts. Try again or contact support.";"Не вдалося автоматично налаштувати загального постачальника або податок для неідентифікованих чеків. Спробуйте ще раз або зверніться до підтримки.";"no"
"ocr.documentDuplicate";"OCR (documento repetido)";"Este documento ya se había registrado antes.";"This document has already been recorded before.";"Цей документ уже було зареєстровано раніше.";"no"
"ocr.operationInProgress";"OCR/Adjuntar (operación en curso, HTTP 409)";"Ya hay una operación en curso con este mismo documento. Espera un momento antes de volver a intentarlo.";"There's already an operation in progress for this same document. Wait a moment before trying again.";"Операція з цим самим документом вже виконується. Зачекайте трохи і спробуйте ще раз.";"no"
"ocr.serviceUnavailable";"OCR (lector externo no disponible, HTTP 503)";"El servicio de lectura de documentos no está disponible ahora mismo. Inténtalo de nuevo en unos minutos.";"The document reading service isn't available right now. Try again in a few minutes.";"Служба розпізнавання документів зараз недоступна. Спробуйте ще раз за кілька хвилин.";"no"
"ocr.nifUnreadableDraft";"OCR (escaneo de facturas)";"No se ha podido leer el NIF del proveedor. Se ha abierto un borrador: complétalo o da de alta el proveedor manualmente.";"The supplier's tax ID could not be read. A draft has been opened: complete it or register the supplier manually.";"Не вдалося зчитати податковий номер постачальника. Відкрито чернетку: заповніть її або зареєструйте постачальника вручну.";"no"
"ocr.numberUnreadableDraft";"OCR (escaneo de facturas)";"No se ha podido leer el número de factura. Se ha abierto un borrador para completarlo a mano.";"The invoice number could not be read. A draft has been opened to complete it manually.";"Не вдалося зчитати номер рахунку. Відкрито чернетку для ручного заповнення.";"no"
"ocr.processDocumentError";"OCR (escaneo de facturas)";"No se pudo procesar el documento. Inténtalo de nuevo o crea la factura manualmente.";"Could not process the document. Try again or create the invoice manually.";"Не вдалося обробити документ. Спробуйте ще раз або створіть рахунок вручну.";"no"
"ocr.saveGenericError";"OCR (escaneo de facturas)";"No se pudo guardar la factura. Inténtalo de nuevo.";"Could not save the invoice. Try again.";"Не вдалося зберегти рахунок. Спробуйте ще раз.";"no"
"ocr.savedSuccess";"OCR (escaneo de facturas)";"Factura creada a partir de ""{{archivo}}"": {{proveedor}}.";"Invoice saved from ""{{archivo}}"": {{proveedor}}.";"Рахунок збережено з ""{{archivo}}"": {{proveedor}}.";"no"
"ocr.savedWithWarnings";"OCR (escaneo de facturas)";"Factura guardada, pero con avisos: {{aviso}}";"Invoice saved, but with warnings: {{aviso}}";"Рахунок збережено, але з попередженнями: {{aviso}}";"no"
"ocr.scanButton";"OCR (escaneo de facturas)";"Escanear";"Scan";"Сканувати";"no"
"ocr.scanUnavailableNotice";"OCR (escaneo de facturas)";"Escanear facturas no está disponible ahora mismo — usa ""Nueva factura"" para darla de alta a mano mientras tanto.";"Scanning invoices is not available right now — use ""New invoice"" to add it manually in the meantime.";"Сканування рахунків зараз недоступне — тим часом скористайтеся ""Новий рахунок"", щоб додати його вручну.";"no"
"ocr.scanning";"OCR (escaneo de facturas)";"Procesando...";"Processing...";"Обробка...";"no"
"ocr.supplierNotFoundDraft";"OCR (escaneo de facturas)";"Proveedor no encontrado en el sistema. Se ha abierto un borrador: dalo de alta manualmente antes de guardar.";"Supplier not found in the system. A draft has been opened: register it manually before saving.";"Постачальника не знайдено в системі. Відкрито чернетку: зареєструйте його вручну перед збереженням.";"no"
"profile.changeCompany";"Perfil y datos del emisor";"Cambiar empresa";"Change company";"Змінити компанію";"no"
"profile.changeCompanyConfirm";"Perfil y datos del emisor";"Se cerrará la sesión y tendrás que volver a introducir la clave de empresa. ¿Deseas continuar?";"You will be logged out and will need to enter the company key again. Do you want to continue?";"Сеанс буде завершено, і вам знадобиться знову ввести ключ компанії. Продовжити?";"no"
"profile.payments.title";"Perfil (tarjeta de pagos)";"Pagos y créditos";"Payments and credits";"Платежі та кредити";"no"
"profile.payments.error";"Perfil (tarjeta de pagos)";"No se pudo consultar el saldo de créditos.";"Could not check the credit balance.";"Не вдалося перевірити баланс кредитів.";"no"
"profile.payments.unlimited";"Perfil (tarjeta de pagos, empresa demo)";"Créditos ilimitados (empresa demo)";"Unlimited credits (demo company)";"Необмежені кредити (демо-компанія)";"no"
"profile.payments.balance";"Perfil (tarjeta de pagos)";"Créditos disponibles:";"Available credits:";"Доступні кредити:";"no"
"profile.payments.subscription";"Perfil (tarjeta de pagos)";"Suscripción:";"Subscription:";"Підписка:";"no"
"profile.payments.noSubscription";"Perfil (tarjeta de pagos)";"Sin suscripción activa";"No active subscription";"Немає активної підписки";"no"
"profile.payments.subscriptionStates.Activa";"Perfil (tarjeta de pagos)";"Activa";"Active";"Активна";"no"
"profile.payments.subscriptionStates.Impagada";"Perfil (tarjeta de pagos)";"Pago pendiente";"Payment overdue";"Прострочений платіж";"no"
"profile.payments.subscriptionStates.Cancelada";"Perfil (tarjeta de pagos)";"Cancelada";"Cancelled";"Скасована";"no"
"profile.payments.getMoreCredits";"Perfil (tarjeta de pagos)";"Conseguir más créditos";"Get more credits";"Отримати більше кредитів";"no"
"profile.payments.creditsExhausted";"Escaneo de facturas recibidas (sin saldo)";"No quedan créditos disponibles. Consigue más desde tu perfil.";"No credits left. Get more from your profile.";"Кредити закінчилися. Отримайте більше у своєму профілі.";"no"
"profile.company";"Perfil y datos del emisor";"Empresa:";"Company:";"Компанія:";"no"
"profile.email";"Perfil y datos del emisor";"Email:";"Email:";"Email:";"no"
"profile.emisor.additionalData";"Perfil y datos del emisor";"Datos adicionales";"Additional data";"Додаткові дані";"si"
"profile.emisor.address";"Perfil y datos del emisor";"Dirección:";"Address:";"Адреса:";"si"
"profile.emisor.addressContact";"Perfil y datos del emisor";"Dirección y contacto";"Address and contact";"Адреса та контакти";"si"
"profile.emisor.cif";"Perfil y datos del emisor";"CIF:";"Tax ID (CIF):";"Податковий номер (CIF):";"si"
"profile.emisor.city";"Perfil y datos del emisor";"Población:";"City:";"Місто:";"si"
"profile.emisor.cnae";"Perfil y datos del emisor";"CNAE:";"Activity code (CNAE):";"Код діяльності (CNAE):";"si"
"profile.emisor.commercialRegistry";"Perfil y datos del emisor";"Registro mercantil:";"Commercial Register:";"Торговий реєстр:";"si"
"profile.emisor.companyName";"Perfil y datos del emisor";"Razón social:";"Legal name:";"Юридична назва:";"si"
"profile.emisor.description";"Perfil y datos del emisor";"Estos son los datos del emisor que aparecen en tus facturas. No se pueden editar desde la app: proceden de la configuración fiscal de la cuenta.";"These are the issuer details shown on your invoices. They cannot be edited in the app; they come from the account's tax settings.";"Це дані постачальника, які відображаються у ваших рахунках. Їх не можна редагувати в застосунку: вони беруться з податкових налаштувань облікового запису.";"si"
"profile.emisor.fiscalIdentity";"Perfil y datos del emisor";"Identificación fiscal";"Tax identification";"Податкова ідентифікація";"si"
"profile.emisor.fullName";"Perfil y datos del emisor";"Nombre y apellidos:";"Full name:";"Повне ім'я:";"si"
"profile.emisor.iban";"Perfil y datos del emisor";"IBAN:";"IBAN:";"IBAN:";"si"
"profile.emisor.nif";"Perfil y datos del emisor";"NIF:";"Tax ID (NIF):";"Податковий номер (NIF):";"si"
"profile.emisor.postalCode";"Perfil y datos del emisor";"Código postal:";"Postal code:";"Поштовий індекс:";"si"
"profile.emisor.province";"Perfil y datos del emisor";"Provincia:";"Province:";"Провінція:";"si"
"profile.emisor.swift";"Perfil y datos del emisor";"SWIFT:";"SWIFT:";"SWIFT:";"si"
"profile.emisor.title";"Perfil y datos del emisor";"Datos fiscales del emisor";"Issuer tax details";"Податкові дані постачальника";"si"
"profile.emisor.type";"Perfil y datos del emisor";"Tipo:";"Type:";"Тип:";"si"
"profile.fiscalData";"Perfil y datos del emisor";"Datos fiscales";"Tax details";"Податкові дані";"si"
"profile.language";"Perfil y datos del emisor";"Idioma";"Language";"Мова";"no"
"profile.logout";"Perfil y datos del emisor";"Cerrar sesión";"Log out";"Вийти";"no"
"profile.noName";"Perfil y datos del emisor";"Sin nombre todavía";"No name yet";"Ім'я ще не вказано";"no"
"profile.noNif";"Perfil y datos del emisor";"Sin NIF/CIF";"No tax ID";"Немає податкового номера";"no"
"profile.noSession";"Perfil y datos del emisor";"No hay sesión activa.";"There is no active session.";"Немає активного сеансу.";"no"
"profile.phone";"Perfil y datos del emisor";"Teléfono:";"Phone:";"Телефон:";"no"
"profile.title";"Perfil y datos del emisor";"Perfil";"Profile";"Профіль";"no"
"profile.typeCompany";"Perfil y datos del emisor";"Empresa";"Company";"Компанія";"no"
"profile.typeSelfEmployed";"Perfil y datos del emisor";"Autónomo";"Self-employed";"Самозайнята особа";"no"
"profile.userId";"Perfil y datos del emisor";"ID de usuario:";"User ID:";"ID користувача:";"no"
"profile.viewDetail";"Perfil y datos del emisor";"Ver detalle";"View detail";"Переглянути деталі";"no"
"validation.fieldRequired";"Validación de formularios";"Este campo es obligatorio.";"This field is required.";"Це поле обов'язкове.";"no"
"verifactu.aeatWarningPrefix";"VeriFactu / AEAT";"Aviso de la AEAT:";"AEAT notice:";"Повідомлення від AEAT:";"si"
"verifactu.errors.anularBorrador";"VeriFactu / AEAT";"Esta factura todavía no se ha contabilizado — no se puede anular.";"This invoice has not been posted yet — it cannot be cancelled.";"Цей рахунок ще не проведено — його неможливо анулювати.";"si"
"verifactu.errors.firmarBorrador";"VeriFactu / AEAT";"Esta factura todavía no se ha guardado ni contabilizado — no se puede firmar.";"This invoice has not been saved or posted yet — it cannot be signed.";"Цей рахунок ще не збережено або не проведено — його неможливо підписати.";"si"
"verifactu.errors.guardarAntesDeContabilizar";"VeriFactu / AEAT";"Guarda la factura antes de contabilizarla.";"Save the invoice before posting it.";"Збережіть рахунок перед проведенням.";"si"
"verifactu.errors.motivoObligatorio";"VeriFactu / AEAT";"El motivo de la subsanación es obligatorio.";"The reason for the correction is required.";"Причина виправлення обов'язкова.";"si"
"verifactu.errors.sinCambiosFiscales";"VeriFactu / AEAT";"El contenido fiscal no ha cambiado desde la última subsanación — no hay nada que corregir.";"The fiscal content has not changed since the last correction — there is nothing to correct.";"Податкові дані не змінилися з моменту останнього виправлення — виправляти нічого.";"si"
"verifactu.errors.subsanarAnulada";"VeriFactu / AEAT";"Esta factura está anulada; no se puede subsanar.";"This invoice is cancelled; it cannot be corrected.";"Цей рахунок анульовано; його неможливо виправити.";"si"
"verifactu.errors.subsanarBorrador";"VeriFactu / AEAT";"Solo se puede subsanar una factura ya contabilizada.";"Only an already-posted invoice can be corrected.";"Виправити можна лише вже проведений рахунок.";"si"
"verifactu.errors.yaAnulada";"VeriFactu / AEAT";"Esta factura ya está anulada.";"This invoice is already cancelled.";"Цей рахунок уже анульовано.";"si"
"verifactu.estados.aceptadoConErrores";"VeriFactu / AEAT";"Aceptado con errores";"Accepted with errors";"Прийнято з помилками";"si"
"verifactu.estados.correcto";"VeriFactu / AEAT";"Correcto";"Accepted";"Прийнято";"si"
"verifactu.estados.pendienteEnvio";"VeriFactu / AEAT";"Pendiente de envío";"Pending submission";"Очікує відправлення";"si"
"verifactu.estados.rechazadoAeat";"VeriFactu / AEAT";"Rechazado por AEAT";"Rejected by the AEAT";"Відхилено AEAT";"si"
"verifactu.estados.requiereRevisionManual";"VeriFactu / AEAT";"Requiere revisión manual";"Requires manual review";"Потребує ручної перевірки";"si"
"verifactu.estados.sinDatos";"VeriFactu / AEAT";"—";"—";"—";"si"
"verifactu.subsanacion.aceptada";"VeriFactu / AEAT";"Subsanada: aceptada";"Correction accepted";"Виправлення прийнято";"si"
"verifactu.subsanacion.aceptadaConErrores";"VeriFactu / AEAT";"Subsanada: aceptada con errores";"Correction accepted with errors";"Виправлено: прийнято з помилками";"si"
"verifactu.subsanacion.pendienteEnvio";"VeriFactu / AEAT";"Subsanación pendiente de envío";"Correction pending submission";"Виправлення очікує відправлення";"si"
"verifactu.subsanacion.prefijoGenerico";"VeriFactu / AEAT";"Subsanación: {{estado}}";"Correction: {{estado}}";"Виправлення: {{estado}}";"si"
"verifactu.subsanacion.rechazada";"VeriFactu / AEAT";"Subsanada: rechazada";"Correction rejected";"Виправлення відхилено";"si"
